-- phpMyAdmin SQL Dump
-- version 5.0.4
-- https://www.phpmyadmin.net/
--
-- Host: 127.0.0.1
-- Generation Time: Jun 20, 2024 at 01:44 PM
-- Server version: 10.4.17-MariaDB
-- PHP Version: 8.0.0

SET SQL_MODE = "NO_AUTO_VALUE_ON_ZERO";
START TRANSACTION;
SET time_zone = "+00:00";


/*!40101 SET @OLD_CHARACTER_SET_CLIENT=@@CHARACTER_SET_CLIENT */;
/*!40101 SET @OLD_CHARACTER_SET_RESULTS=@@CHARACTER_SET_RESULTS */;
/*!40101 SET @OLD_COLLATION_CONNECTION=@@COLLATION_CONNECTION */;
/*!40101 SET NAMES utf8mb4 */;

--
-- Database: `database`
--

-- --------------------------------------------------------

--
-- Table structure for table `bus_connections`
--

CREATE TABLE `bus_connections` (
  `id` int(11) NOT NULL,
  `connection_name` varchar(255) NOT NULL,
  `notes` text DEFAULT NULL,
  `total_travel_time` int(11) NOT NULL,
  `owner_id` int(11) NOT NULL
) ENGINE=InnoDB DEFAULT CHARSET=utf8;

--
-- Dumping data for table `bus_connections`
--

INSERT INTO `bus_connections` (`id`, `connection_name`, `notes`, `total_travel_time`, `owner_id`) VALUES
(1, 'Kraków - Warszawa', 'Ekspresowy kurs, bez przystanków', 240, 1),
(2, 'Warszawa - Poznań', NULL, 240, 1),
(3, 'Poznań - Gdańsk', 'Kurs nocny, cichy autobus', 300, 1),
(4, 'Gdańsk - Szczecin', NULL, 360, 1),
(5, 'Szczecin - Wrocław', 'Nowe autobusy z WiFi', 420, 1),
(6, 'Wrocław - Kraków', NULL, 270, 1),
(7, 'Kraków - Katowice', 'Przystanek w Mysłowicach', 60, 1),
(8, 'Katowice - Warszawa', NULL, 240, 1),
(9, 'Warszawa - Białystok', 'Kurs przez Łomżę', 180, 1),
(10, 'Białystok - Lublin', NULL, 150, 1),
(11, 'Lublin - Rzeszów', NULL, 120, 1),
(12, 'Rzeszów - Kraków', NULL, 180, 1),
(13, 'Kraków - Zakopane', 'Kurs bezpośredni, sezonowy', 120, 1),
(14, 'Zakopane - Nowy Sącz', NULL, 90, 1),
(15, 'Nowy Sącz - Tarnów', NULL, 60, 1),
(16, 'Tarnów - Kraków', NULL, 90, 1),
(17, 'Kraków - Radom', 'Przystanek w Kielcach', 180, 1),
(18, 'Radom - Warszawa', NULL, 120, 1),
(19, 'Warszawa - Olsztyn', NULL, 180, 1),
(20, 'Olsztyn - Gdańsk', 'Autobus piętrowy, duża ilość miejsc', 240, 1);

-- --------------------------------------------------------

--
-- Table structure for table `bus_stops`
--

CREATE TABLE `bus_stops` (
  `id` int(11) NOT NULL,
  `connection_id` int(11) NOT NULL,
  `stop_number` int(11) NOT NULL,
  `stop_name` varchar(255) NOT NULL,
  `time_from_start` int(11) NOT NULL
) ENGINE=InnoDB DEFAULT CHARSET=utf8;

--
-- Dumping data for table `bus_stops`
--

INSERT INTO `bus_stops` (`id`, `connection_id`, `stop_number`, `stop_name`, `time_from_start`) VALUES
(1, 1, 1, 'Kraków', 0),
(2, 1, 2, 'Radom', 120),
(3, 1, 3, 'Warszawa', 240),
(4, 1, 4, 'Piotrków Trybunalski', 360),
(5, 1, 5, 'Skierniewice', 420),
(6, 1, 6, 'Łowicz', 480),
(7, 1, 7, 'Sochaczew', 540),
(8, 1, 8, 'Łomianki', 600),
(9, 1, 9, 'Legionowo', 660),
(10, 1, 10, 'Zielonka', 720),
(11, 2, 1, 'Warszawa', 0),
(12, 2, 2, 'Łowicz', 120),
(13, 2, 3, 'Kutno', 180),
(14, 2, 4, 'Włocławek', 240),
(15, 2, 5, 'Inowrocław', 300),
(16, 2, 6, 'Bydgoszcz', 360),
(17, 2, 7, 'Nakło nad Notecią', 420),
(18, 2, 8, 'Piła', 480),
(19, 2, 9, 'Chodzież', 540),
(20, 2, 10, 'Gniezno', 600),
(21, 3, 1, 'Poznań', 0),
(22, 3, 2, 'Gniezno', 120),
(23, 3, 3, 'Bydgoszcz', 180),
(24, 3, 4, 'Toruń', 240),
(25, 3, 5, 'Grudziądz', 300),
(26, 3, 6, 'Malbork', 360),
(27, 3, 7, 'Tczew', 420),
(28, 3, 8, 'Gdynia', 480),
(29, 3, 9, 'Sopot', 540),
(30, 3, 10, 'Gdańsk', 600),
(31, 4, 1, 'Gdańsk', 0),
(32, 4, 2, 'Gdynia', 60),
(33, 4, 3, 'Słupsk', 120),
(34, 4, 4, 'Koszalin', 180),
(35, 4, 5, 'Szczecinek', 240),
(36, 4, 6, 'Drawsko Pomorskie', 300),
(37, 4, 7, 'Choszczno', 360),
(38, 4, 8, 'Myślibórz', 420),
(39, 4, 9, 'Stargard Szczeciński', 480),
(40, 4, 10, 'Szczecin', 540),
(41, 5, 1, 'Szczecin', 0),
(42, 5, 2, 'Goleniów', 60),
(43, 5, 3, 'Koszalin', 120),
(44, 5, 4, 'Kołobrzeg', 180),
(45, 5, 5, 'Sławno', 240),
(46, 5, 6, 'Słupsk', 300),
(47, 5, 7, 'Bytów', 360),
(48, 5, 8, 'Koszalin', 420),
(49, 5, 9, 'Wałcz', 480),
(50, 5, 10, 'Piła', 540),
(51, 6, 1, 'Wrocław', 0),
(52, 6, 2, 'Oława', 45),
(53, 6, 3, 'Brzeg', 90),
(54, 6, 4, 'Opole', 135),
(55, 6, 5, 'Kędzierzyn-Koźle', 180),
(56, 6, 6, 'Gliwice', 225),
(57, 6, 7, 'Katowice', 270),
(58, 6, 8, 'Chrzanów', 315),
(59, 6, 9, 'Oświęcim', 360),
(60, 6, 10, 'Kraków', 405),
(61, 7, 1, 'Kraków', 0),
(62, 7, 2, 'Chrzanów', 30),
(63, 7, 3, 'Libiąż', 60),
(64, 7, 4, 'Jaworzno', 90),
(65, 7, 5, 'Sosnowiec', 120),
(66, 7, 6, 'Mysłowice', 150),
(67, 7, 7, 'Katowice', 180),
(68, 7, 8, 'Chorzów', 210),
(69, 7, 9, 'Tychy', 240),
(70, 7, 10, 'Mikołów', 270),
(71, 8, 1, 'Katowice', 0),
(72, 8, 2, 'Sosnowiec', 30),
(73, 8, 3, 'Dąbrowa Górnicza', 60),
(74, 8, 4, 'Mysłowice', 90),
(75, 8, 5, 'Jaworzno', 120),
(76, 8, 6, 'Chrzanów', 150),
(77, 8, 7, 'Kraków', 180),
(78, 8, 8, 'Olkusz', 210),
(79, 8, 9, 'Kielce', 240),
(80, 8, 10, 'Radom', 270),
(81, 9, 1, 'Warszawa', 0),
(82, 9, 2, 'Łomża', 90),
(83, 9, 3, 'Białystok', 180),
(84, 9, 4, 'Augustów', 240),
(85, 9, 5, 'Suwałki', 300),
(86, 9, 6, 'Ełk', 360),
(87, 9, 7, 'Grajewo', 420),
(88, 9, 8, 'Zambrów', 480),
(89, 9, 9, 'Ostrołęka', 540),
(90, 9, 10, 'Legionowo', 600),
(91, 10, 1, 'Białystok', 0),
(92, 10, 2, 'Zambrów', 60),
(93, 10, 3, 'Łomża', 120),
(94, 10, 4, 'Siedlce', 180),
(95, 10, 5, 'Łuków', 240),
(96, 10, 6, 'Parczew', 300),
(97, 10, 7, 'Puławy', 360),
(98, 10, 8, 'Kazimierz Dolny', 420),
(99, 10, 9, 'Nałęczów', 480),
(100, 10, 10, 'Lublin', 540),
(101, 11, 1, 'Lublin', 0),
(102, 11, 2, 'Kraśnik', 45),
(103, 11, 3, 'Puławy', 90),
(104, 11, 4, 'Nałęczów', 135),
(105, 11, 5, 'Stalowa Wola', 180),
(106, 11, 6, 'Tarnobrzeg', 225),
(107, 11, 7, 'Nisko', 270),
(108, 11, 8, 'Leżajsk', 315),
(109, 11, 9, 'Jarosław', 360),
(110, 11, 10, 'Rzeszów', 405),
(111, 12, 1, 'Rzeszów', 0),
(112, 12, 2, 'Tarnów', 90),
(113, 12, 3, 'Dębica', 180),
(114, 12, 4, 'Brzesko', 270),
(115, 12, 5, 'Bochnia', 360),
(116, 12, 6, 'Wieliczka', 450),
(117, 12, 7, 'Kraków', 540),
(118, 13, 1, 'Kraków', 0),
(119, 13, 2, 'Wieliczka', 30),
(120, 13, 3, 'Nowy Targ', 60),
(121, 13, 4, 'Szczawnica', 90),
(122, 13, 5, 'Krościenko nad Dunajcem', 120),
(123, 13, 6, 'Sromowce Wyżne', 150),
(124, 13, 7, 'Czorsztyn', 180),
(125, 13, 8, 'Niedzica', 210),
(126, 13, 9, 'Białka Tatrzańska', 240),
(127, 13, 10, 'Zakopane', 270),
(128, 14, 1, 'Zakopane', 0),
(129, 14, 2, 'Ząb', 15),
(130, 14, 3, 'Poronin', 30),
(131, 14, 4, 'Czarny Dunajec', 45),
(132, 14, 5, 'Nowy Targ', 60),
(133, 14, 6, 'Klikuszowa', 75),
(134, 14, 7, 'Szaflary', 90),
(135, 14, 8, 'Biały Dunajec', 105),
(136, 14, 9, 'Grywałd', 120),
(137, 14, 10, 'Nowy Sącz', 135),
(138, 15, 1, 'Nowy Sącz', 0),
(139, 15, 2, 'Stary Sącz', 15),
(140, 15, 3, 'Limanowa', 30),
(141, 15, 4, 'Mszana Dolna', 45),
(142, 15, 5, 'Rabka-Zdrój', 60),
(143, 15, 6, 'Myślenice', 75),
(144, 15, 7, 'Wiśniowa', 90),
(145, 15, 8, 'Dębno', 105),
(146, 15, 9, 'Tuchów', 120),
(147, 15, 10, 'Tarnów', 135),
(148, 16, 1, 'Tarnów', 0),
(149, 16, 2, 'Brzesko', 30),
(150, 16, 3, 'Bochnia', 60),
(151, 16, 4, 'Wieliczka', 90),
(152, 16, 5, 'Kraków', 120),
(153, 17, 1, 'Kraków', 0),
(154, 17, 2, 'Wieliczka', 30),
(155, 17, 3, 'Bochnia', 60),
(156, 17, 4, 'Tarnów', 90),
(157, 17, 5, 'Staszów', 120),
(158, 17, 6, 'Sandomierz', 150),
(159, 17, 7, 'Opatów', 180),
(160, 17, 8, 'Iłża', 210),
(161, 17, 9, 'Skarżysko-Kamienna', 240),
(162, 17, 10, 'Radom', 270),
(163, 18, 1, 'Radom', 0),
(164, 18, 2, 'Kozienice', 45),
(165, 18, 3, 'Białobrzegi', 90),
(166, 18, 4, 'Grójec', 135),
(167, 18, 5, 'Piaseczno', 180),
(168, 18, 6, 'Konstancin-Jeziorna', 225),
(169, 18, 7, 'Pruszków', 270),
(170, 18, 8, 'Warszawa', 315),
(171, 19, 1, 'Warszawa', 0),
(172, 19, 2, 'Ostrołęka', 90),
(173, 19, 3, 'Mława', 180),
(174, 19, 4, 'Działdowo', 240),
(175, 19, 5, 'Susz', 300),
(176, 19, 6, 'Olsztynek', 360),
(177, 19, 7, 'Nidzica', 420),
(178, 19, 8, 'Olsztyn', 480),
(179, 20, 1, 'Olsztyn', 0),
(180, 20, 2, 'Ostróda', 60),
(181, 20, 3, 'Elbląg', 120),
(182, 20, 4, 'Malbork', 180),
(183, 20, 5, 'Tczew', 240),
(184, 20, 6, 'Gdańsk', 300);

-- --------------------------------------------------------

--
-- Table structure for table `departures`
--

CREATE TABLE `departures` (
  `id` int(11) NOT NULL,
  `connection_id` int(11) NOT NULL,
  `departure_hour` int(11) NOT NULL,
  `departure_minutes` int(11) NOT NULL,
  `days` varchar(20) NOT NULL
) ENGINE=InnoDB DEFAULT CHARSET=utf8;

--
-- Dumping data for table `departures`
--

INSERT INTO `departures` (`id`, `connection_id`, `departure_hour`, `departure_minutes`, `days`) VALUES
(1, 1, 7, 0, 'week'),
(2, 1, 9, 15, 'week'),
(3, 1, 11, 30, 'week'),
(4, 1, 13, 45, 'week'),
(5, 1, 16, 0, 'week'),
(6, 1, 18, 15, 'week'),
(7, 1, 20, 30, 'week'),
(8, 1, 22, 45, 'week'),
(9, 1, 8, 0, 'week'),
(10, 1, 10, 15, 'week'),
(11, 1, 12, 30, 'week'),
(12, 1, 14, 45, 'week'),
(13, 1, 17, 0, 'week'),
(14, 1, 19, 15, 'week'),
(15, 1, 21, 30, 'week'),
(16, 1, 23, 45, 'week'),
(17, 1, 8, 0, 'saturday'),
(18, 1, 10, 15, 'saturday'),
(19, 1, 12, 30, 'saturday'),
(20, 1, 14, 45, 'saturday'),
(21, 1, 16, 0, 'saturday'),
(22, 1, 18, 15, 'saturday'),
(23, 1, 20, 30, 'saturday'),
(24, 1, 22, 45, 'saturday'),
(25, 1, 9, 0, 'saturday'),
(26, 1, 11, 15, 'saturday'),
(27, 1, 13, 30, 'saturday'),
(28, 1, 15, 45, 'saturday'),
(29, 1, 17, 0, 'saturday'),
(30, 1, 19, 15, 'saturday'),
(31, 1, 21, 30, 'saturday'),
(32, 1, 23, 45, 'saturday'),
(33, 1, 9, 0, 'sunday'),
(34, 1, 11, 15, 'sunday'),
(35, 1, 13, 30, 'sunday'),
(36, 1, 15, 45, 'sunday'),
(37, 1, 17, 0, 'sunday'),
(38, 1, 19, 15, 'sunday'),
(39, 1, 21, 30, 'sunday'),
(40, 1, 23, 45, 'sunday'),
(41, 1, 8, 0, 'sunday'),
(42, 1, 10, 15, 'sunday'),
(43, 1, 12, 30, 'sunday'),
(44, 1, 14, 45, 'sunday'),
(45, 1, 16, 0, 'sunday'),
(46, 1, 18, 15, 'sunday'),
(47, 1, 20, 30, 'sunday'),
(48, 1, 22, 45, 'sunday'),
(49, 2, 6, 0, 'week'),
(50, 2, 8, 15, 'week'),
(51, 2, 10, 30, 'week'),
(52, 2, 12, 45, 'week'),
(53, 2, 15, 0, 'week'),
(54, 2, 17, 15, 'week'),
(55, 2, 19, 30, 'week'),
(56, 2, 21, 45, 'week'),
(57, 2, 7, 0, 'week'),
(58, 2, 9, 15, 'week'),
(59, 2, 11, 30, 'week'),
(60, 2, 13, 45, 'week'),
(61, 2, 16, 0, 'week'),
(62, 2, 18, 15, 'week'),
(63, 2, 20, 30, 'week'),
(64, 2, 22, 45, 'week'),
(65, 2, 7, 0, 'saturday'),
(66, 2, 9, 15, 'saturday'),
(67, 2, 11, 30, 'saturday'),
(68, 2, 13, 45, 'saturday'),
(69, 2, 15, 0, 'saturday'),
(70, 2, 17, 15, 'saturday'),
(71, 2, 19, 30, 'saturday'),
(72, 2, 21, 45, 'saturday'),
(73, 2, 8, 0, 'saturday'),
(74, 2, 10, 15, 'saturday'),
(75, 2, 12, 30, 'saturday'),
(76, 2, 14, 45, 'saturday'),
(77, 2, 16, 0, 'saturday'),
(78, 2, 18, 15, 'saturday'),
(79, 2, 20, 30, 'saturday'),
(80, 2, 22, 45, 'saturday'),
(81, 2, 8, 0, 'sunday'),
(82, 2, 10, 15, 'sunday'),
(83, 2, 12, 30, 'sunday'),
(84, 2, 14, 45, 'sunday'),
(85, 2, 16, 0, 'sunday'),
(86, 2, 18, 15, 'sunday'),
(87, 2, 20, 30, 'sunday'),
(88, 2, 22, 45, 'sunday'),
(89, 2, 7, 0, 'sunday'),
(90, 2, 9, 15, 'sunday'),
(91, 2, 11, 30, 'sunday'),
(92, 2, 13, 45, 'sunday'),
(93, 2, 15, 0, 'sunday'),
(94, 2, 17, 15, 'sunday'),
(95, 2, 19, 30, 'sunday'),
(96, 2, 21, 45, 'sunday'),
(97, 3, 7, 0, 'week'),
(98, 3, 9, 15, 'week'),
(99, 3, 11, 30, 'week'),
(100, 3, 13, 45, 'week'),
(101, 3, 16, 0, 'week'),
(102, 3, 18, 15, 'week'),
(103, 3, 20, 30, 'week'),
(104, 3, 22, 45, 'week'),
(105, 3, 8, 0, 'week'),
(106, 3, 10, 15, 'week'),
(107, 3, 12, 30, 'week'),
(108, 3, 14, 45, 'week'),
(109, 3, 17, 0, 'week'),
(110, 3, 19, 15, 'week'),
(111, 3, 21, 30, 'week'),
(112, 3, 23, 45, 'week'),
(113, 3, 7, 0, 'week'),
(114, 3, 9, 15, 'week'),
(115, 3, 11, 30, 'week'),
(116, 3, 13, 45, 'week'),
(117, 3, 16, 0, 'week'),
(118, 3, 18, 15, 'week'),
(119, 3, 20, 30, 'week'),
(120, 3, 22, 45, 'week'),
(121, 3, 8, 0, 'week'),
(122, 3, 10, 15, 'week'),
(123, 3, 12, 30, 'week'),
(124, 3, 14, 45, 'week'),
(125, 3, 17, 0, 'week'),
(126, 3, 19, 15, 'week'),
(127, 3, 21, 30, 'week'),
(128, 3, 23, 45, 'week'),
(129, 3, 8, 0, 'saturday'),
(130, 3, 10, 15, 'saturday'),
(131, 3, 12, 30, 'saturday'),
(132, 3, 14, 45, 'saturday'),
(133, 3, 16, 0, 'saturday'),
(134, 3, 18, 15, 'saturday'),
(135, 3, 20, 30, 'saturday'),
(136, 3, 22, 45, 'saturday'),
(137, 3, 9, 0, 'saturday'),
(138, 3, 11, 15, 'saturday'),
(139, 3, 13, 30, 'saturday'),
(140, 3, 15, 45, 'saturday'),
(141, 3, 17, 0, 'saturday'),
(142, 3, 19, 15, 'saturday'),
(143, 3, 21, 30, 'saturday'),
(144, 3, 23, 45, 'saturday'),
(145, 3, 8, 0, 'saturday'),
(146, 3, 10, 15, 'saturday'),
(147, 3, 12, 30, 'saturday'),
(148, 3, 14, 45, 'saturday'),
(149, 3, 16, 0, 'saturday'),
(150, 3, 18, 15, 'saturday'),
(151, 3, 20, 30, 'saturday'),
(152, 3, 22, 45, 'saturday'),
(153, 3, 9, 0, 'sunday'),
(154, 3, 11, 15, 'sunday'),
(155, 3, 13, 30, 'sunday'),
(156, 3, 15, 45, 'sunday'),
(157, 3, 17, 0, 'sunday'),
(158, 3, 19, 15, 'sunday'),
(159, 3, 21, 30, 'sunday'),
(160, 3, 23, 45, 'sunday'),
(161, 3, 8, 0, 'sunday'),
(162, 3, 10, 15, 'sunday'),
(163, 3, 12, 30, 'sunday'),
(164, 3, 14, 45, 'sunday'),
(165, 3, 16, 0, 'sunday'),
(166, 3, 18, 15, 'sunday'),
(167, 3, 20, 30, 'sunday'),
(168, 3, 22, 45, 'sunday'),
(169, 3, 8, 0, 'sunday'),
(170, 3, 10, 15, 'sunday'),
(171, 3, 12, 30, 'sunday'),
(172, 3, 14, 45, 'sunday'),
(173, 3, 16, 0, 'sunday'),
(174, 3, 18, 15, 'sunday'),
(175, 3, 20, 30, 'sunday'),
(176, 3, 22, 45, 'sunday'),
(177, 4, 7, 0, 'week'),
(178, 4, 9, 15, 'week'),
(179, 4, 11, 30, 'week'),
(180, 4, 13, 45, 'week'),
(181, 4, 16, 0, 'week'),
(182, 4, 18, 15, 'week'),
(183, 4, 20, 30, 'week'),
(184, 4, 22, 45, 'week'),
(185, 4, 8, 0, 'week'),
(186, 4, 10, 15, 'week'),
(187, 4, 12, 30, 'week'),
(188, 4, 14, 45, 'week'),
(189, 4, 17, 0, 'week'),
(190, 4, 19, 15, 'week'),
(191, 4, 21, 30, 'week'),
(192, 4, 23, 45, 'week'),
(193, 4, 7, 0, 'week'),
(194, 4, 9, 15, 'week'),
(195, 4, 11, 30, 'week'),
(196, 4, 13, 45, 'week'),
(197, 4, 16, 0, 'week'),
(198, 4, 18, 15, 'week'),
(199, 4, 20, 30, 'week'),
(200, 4, 22, 45, 'week'),
(201, 4, 8, 0, 'week'),
(202, 4, 10, 15, 'week'),
(203, 4, 12, 30, 'week'),
(204, 4, 14, 45, 'week'),
(205, 4, 17, 0, 'week'),
(206, 4, 19, 15, 'week'),
(207, 4, 21, 30, 'week'),
(208, 4, 23, 45, 'week'),
(209, 4, 8, 0, 'saturday'),
(210, 4, 10, 15, 'saturday'),
(211, 4, 12, 30, 'saturday'),
(212, 4, 14, 45, 'saturday'),
(213, 4, 16, 0, 'saturday'),
(214, 4, 18, 15, 'saturday'),
(215, 4, 20, 30, 'saturday'),
(216, 4, 22, 45, 'saturday'),
(217, 4, 9, 0, 'saturday'),
(218, 4, 11, 15, 'saturday'),
(219, 4, 13, 30, 'saturday'),
(220, 4, 15, 45, 'saturday'),
(221, 4, 17, 0, 'saturday'),
(222, 4, 19, 15, 'saturday'),
(223, 4, 21, 30, 'saturday'),
(224, 4, 23, 45, 'saturday'),
(225, 4, 8, 0, 'saturday'),
(226, 4, 10, 15, 'saturday'),
(227, 4, 12, 30, 'saturday'),
(228, 4, 14, 45, 'saturday'),
(229, 4, 16, 0, 'saturday'),
(230, 4, 18, 15, 'saturday'),
(231, 4, 20, 30, 'saturday'),
(232, 4, 22, 45, 'saturday'),
(233, 4, 9, 0, 'sunday'),
(234, 4, 11, 15, 'sunday'),
(235, 4, 13, 30, 'sunday'),
(236, 4, 15, 45, 'sunday'),
(237, 4, 17, 0, 'sunday'),
(238, 4, 19, 15, 'sunday'),
(239, 4, 21, 30, 'sunday'),
(240, 4, 23, 45, 'sunday'),
(241, 4, 8, 0, 'sunday'),
(242, 4, 10, 15, 'sunday'),
(243, 4, 12, 30, 'sunday'),
(244, 4, 14, 45, 'sunday'),
(245, 4, 16, 0, 'sunday'),
(246, 4, 18, 15, 'sunday'),
(247, 4, 20, 30, 'sunday'),
(248, 4, 22, 45, 'sunday'),
(249, 4, 8, 0, 'sunday'),
(250, 4, 10, 15, 'sunday'),
(251, 4, 12, 30, 'sunday'),
(252, 4, 14, 45, 'sunday'),
(253, 4, 16, 0, 'sunday'),
(254, 4, 18, 15, 'sunday'),
(255, 4, 20, 30, 'sunday'),
(256, 4, 22, 45, 'sunday'),
(257, 5, 7, 0, 'week'),
(258, 5, 9, 15, 'week'),
(259, 5, 11, 30, 'week'),
(260, 5, 13, 45, 'week'),
(261, 5, 16, 0, 'week'),
(262, 5, 18, 15, 'week'),
(263, 5, 20, 30, 'week'),
(264, 5, 22, 45, 'week'),
(265, 5, 8, 0, 'week'),
(266, 5, 10, 15, 'week'),
(267, 5, 12, 30, 'week'),
(268, 5, 14, 45, 'week'),
(269, 5, 17, 0, 'week'),
(270, 5, 19, 15, 'week'),
(271, 5, 21, 30, 'week'),
(272, 5, 23, 45, 'week'),
(273, 5, 7, 0, 'week'),
(274, 5, 9, 15, 'week'),
(275, 5, 11, 30, 'week'),
(276, 5, 13, 45, 'week'),
(277, 5, 16, 0, 'week'),
(278, 5, 18, 15, 'week'),
(279, 5, 20, 30, 'week'),
(280, 5, 22, 45, 'week'),
(281, 5, 8, 0, 'week'),
(282, 5, 10, 15, 'week'),
(283, 5, 12, 30, 'week'),
(284, 5, 14, 45, 'week'),
(285, 5, 17, 0, 'week'),
(286, 5, 19, 15, 'week'),
(287, 5, 21, 30, 'week'),
(288, 5, 23, 45, 'week'),
(289, 5, 8, 0, 'saturday'),
(290, 5, 10, 15, 'saturday'),
(291, 5, 12, 30, 'saturday'),
(292, 5, 14, 45, 'saturday'),
(293, 5, 16, 0, 'saturday'),
(294, 5, 18, 15, 'saturday'),
(295, 5, 20, 30, 'saturday'),
(296, 5, 22, 45, 'saturday'),
(297, 5, 9, 0, 'saturday'),
(298, 5, 11, 15, 'saturday'),
(299, 5, 13, 30, 'saturday'),
(300, 5, 15, 45, 'saturday'),
(301, 5, 17, 0, 'saturday'),
(302, 5, 19, 15, 'saturday'),
(303, 5, 21, 30, 'saturday'),
(304, 5, 23, 45, 'saturday'),
(305, 5, 8, 0, 'saturday'),
(306, 5, 10, 15, 'saturday'),
(307, 5, 12, 30, 'saturday'),
(308, 5, 14, 45, 'saturday'),
(309, 5, 16, 0, 'saturday'),
(310, 5, 18, 15, 'saturday'),
(311, 5, 20, 30, 'saturday'),
(312, 5, 22, 45, 'saturday'),
(313, 5, 9, 0, 'sunday'),
(314, 5, 11, 15, 'sunday'),
(315, 5, 13, 30, 'sunday'),
(316, 5, 15, 45, 'sunday'),
(317, 5, 17, 0, 'sunday'),
(318, 5, 19, 15, 'sunday'),
(319, 5, 21, 30, 'sunday'),
(320, 5, 23, 45, 'sunday'),
(321, 5, 8, 0, 'sunday'),
(322, 5, 10, 15, 'sunday'),
(323, 5, 12, 30, 'sunday'),
(324, 5, 14, 45, 'sunday'),
(325, 5, 16, 0, 'sunday'),
(326, 5, 18, 15, 'sunday'),
(327, 5, 20, 30, 'sunday'),
(328, 5, 22, 45, 'sunday'),
(329, 5, 8, 0, 'sunday'),
(330, 5, 10, 15, 'sunday'),
(331, 5, 12, 30, 'sunday'),
(332, 5, 14, 45, 'sunday'),
(333, 5, 16, 0, 'sunday'),
(334, 5, 18, 15, 'sunday'),
(335, 5, 20, 30, 'sunday'),
(336, 5, 22, 45, 'sunday'),
(337, 6, 7, 0, 'week'),
(338, 6, 9, 15, 'week'),
(339, 6, 11, 30, 'week'),
(340, 6, 13, 45, 'week'),
(341, 6, 16, 0, 'week'),
(342, 6, 18, 15, 'week'),
(343, 6, 20, 30, 'week'),
(344, 6, 22, 45, 'week'),
(345, 6, 8, 0, 'week'),
(346, 6, 10, 15, 'week'),
(347, 6, 12, 30, 'week'),
(348, 6, 14, 45, 'week'),
(349, 6, 17, 0, 'week'),
(350, 6, 19, 15, 'week'),
(351, 6, 21, 30, 'week'),
(352, 6, 23, 45, 'week'),
(353, 6, 7, 0, 'week'),
(354, 6, 9, 15, 'week'),
(355, 6, 11, 30, 'week'),
(356, 6, 13, 45, 'week'),
(357, 6, 16, 0, 'week'),
(358, 6, 18, 15, 'week'),
(359, 6, 20, 30, 'week'),
(360, 6, 22, 45, 'week'),
(361, 6, 8, 0, 'week'),
(362, 6, 10, 15, 'week'),
(363, 6, 12, 30, 'week'),
(364, 6, 14, 45, 'week'),
(365, 6, 17, 0, 'week'),
(366, 6, 19, 15, 'week'),
(367, 6, 21, 30, 'week'),
(368, 6, 23, 45, 'week'),
(369, 6, 8, 0, 'saturday'),
(370, 6, 10, 15, 'saturday'),
(371, 6, 12, 30, 'saturday'),
(372, 6, 14, 45, 'saturday'),
(373, 6, 16, 0, 'saturday'),
(374, 6, 18, 15, 'saturday'),
(375, 6, 20, 30, 'saturday'),
(376, 6, 22, 45, 'saturday'),
(377, 6, 9, 0, 'saturday'),
(378, 6, 11, 15, 'saturday'),
(379, 6, 13, 30, 'saturday'),
(380, 6, 15, 45, 'saturday'),
(381, 6, 17, 0, 'saturday'),
(382, 6, 19, 15, 'saturday'),
(383, 6, 21, 30, 'saturday'),
(384, 6, 23, 45, 'saturday'),
(385, 6, 8, 0, 'saturday'),
(386, 6, 10, 15, 'saturday'),
(387, 6, 12, 30, 'saturday'),
(388, 6, 14, 45, 'saturday'),
(389, 6, 16, 0, 'saturday'),
(390, 6, 18, 15, 'saturday'),
(391, 6, 20, 30, 'saturday'),
(392, 6, 22, 45, 'saturday'),
(393, 6, 9, 0, 'sunday'),
(394, 6, 11, 15, 'sunday'),
(395, 6, 13, 30, 'sunday'),
(396, 6, 15, 45, 'sunday'),
(397, 6, 17, 0, 'sunday'),
(398, 6, 19, 15, 'sunday'),
(399, 6, 21, 30, 'sunday'),
(400, 6, 23, 45, 'sunday'),
(401, 6, 8, 0, 'sunday'),
(402, 6, 10, 15, 'sunday'),
(403, 6, 12, 30, 'sunday'),
(404, 6, 14, 45, 'sunday'),
(405, 6, 16, 0, 'sunday'),
(406, 6, 18, 15, 'sunday'),
(407, 6, 20, 30, 'sunday'),
(408, 7, 7, 0, 'week'),
(409, 7, 9, 15, 'week'),
(410, 7, 11, 30, 'week'),
(411, 7, 13, 45, 'week'),
(412, 7, 16, 0, 'week'),
(413, 7, 18, 15, 'week'),
(414, 7, 20, 30, 'week'),
(415, 7, 22, 45, 'week'),
(416, 7, 8, 0, 'week'),
(417, 7, 10, 15, 'week'),
(418, 7, 12, 30, 'week'),
(419, 7, 14, 45, 'week'),
(420, 7, 17, 0, 'week'),
(421, 7, 19, 15, 'week'),
(422, 7, 21, 30, 'week'),
(423, 7, 23, 45, 'week'),
(424, 7, 7, 0, 'week'),
(425, 7, 9, 15, 'week'),
(426, 7, 11, 30, 'week'),
(427, 7, 13, 45, 'week'),
(428, 7, 16, 0, 'week'),
(429, 7, 18, 15, 'week'),
(430, 7, 20, 30, 'week'),
(431, 7, 22, 45, 'week'),
(432, 7, 8, 0, 'week'),
(433, 7, 10, 15, 'week'),
(434, 7, 12, 30, 'week'),
(435, 7, 14, 45, 'week'),
(436, 7, 17, 0, 'week'),
(437, 7, 19, 15, 'week'),
(438, 7, 21, 30, 'week'),
(439, 7, 23, 45, 'week'),
(440, 7, 8, 0, 'saturday'),
(441, 7, 10, 15, 'saturday'),
(442, 7, 12, 30, 'saturday'),
(443, 7, 14, 45, 'saturday'),
(444, 7, 16, 0, 'saturday'),
(445, 7, 18, 15, 'saturday'),
(446, 7, 20, 30, 'saturday'),
(447, 7, 22, 45, 'saturday'),
(448, 7, 9, 0, 'saturday'),
(449, 7, 11, 15, 'saturday'),
(450, 7, 13, 30, 'saturday'),
(451, 7, 15, 45, 'saturday'),
(452, 7, 17, 0, 'saturday'),
(453, 7, 19, 15, 'saturday'),
(454, 7, 21, 30, 'saturday'),
(455, 7, 23, 45, 'saturday'),
(456, 7, 8, 0, 'saturday'),
(457, 7, 10, 15, 'saturday'),
(458, 7, 12, 30, 'saturday'),
(459, 7, 14, 45, 'saturday'),
(460, 7, 16, 0, 'saturday'),
(461, 7, 18, 15, 'saturday'),
(462, 7, 20, 30, 'saturday'),
(463, 7, 22, 45, 'saturday'),
(464, 7, 9, 0, 'sunday'),
(465, 7, 11, 15, 'sunday'),
(466, 7, 13, 30, 'sunday'),
(467, 7, 15, 45, 'sunday'),
(468, 7, 17, 0, 'sunday'),
(469, 7, 19, 15, 'sunday'),
(470, 7, 21, 30, 'sunday'),
(471, 7, 23, 45, 'sunday'),
(472, 7, 8, 0, 'sunday'),
(473, 7, 10, 15, 'sunday'),
(474, 7, 12, 30, 'sunday'),
(475, 7, 14, 45, 'sunday'),
(476, 7, 16, 0, 'sunday'),
(477, 8, 7, 0, 'week'),
(478, 8, 9, 15, 'week'),
(479, 8, 11, 30, 'week'),
(480, 8, 13, 45, 'week'),
(481, 8, 16, 0, 'week'),
(482, 8, 18, 15, 'week'),
(483, 8, 20, 30, 'week'),
(484, 8, 22, 45, 'week'),
(485, 8, 8, 0, 'week'),
(486, 8, 10, 15, 'week'),
(487, 8, 12, 30, 'week'),
(488, 8, 14, 45, 'week'),
(489, 8, 17, 0, 'week'),
(490, 8, 19, 15, 'week'),
(491, 8, 21, 30, 'week'),
(492, 8, 23, 45, 'week'),
(493, 8, 7, 0, 'week'),
(494, 8, 9, 15, 'week'),
(495, 8, 11, 30, 'week'),
(496, 8, 13, 45, 'week'),
(497, 8, 16, 0, 'week'),
(498, 8, 18, 15, 'week'),
(499, 8, 20, 30, 'week'),
(500, 8, 22, 45, 'week'),
(501, 8, 8, 0, 'week'),
(502, 8, 10, 15, 'week'),
(503, 8, 12, 30, 'week'),
(504, 8, 14, 45, 'week'),
(505, 8, 17, 0, 'week'),
(506, 8, 19, 15, 'week'),
(507, 8, 21, 30, 'week'),
(508, 8, 23, 45, 'week'),
(509, 8, 8, 0, 'saturday'),
(510, 8, 10, 15, 'saturday'),
(511, 8, 12, 30, 'saturday'),
(512, 8, 14, 45, 'saturday'),
(513, 8, 16, 0, 'saturday'),
(514, 8, 18, 15, 'saturday'),
(515, 8, 20, 30, 'saturday'),
(516, 8, 22, 45, 'saturday'),
(517, 8, 9, 0, 'saturday'),
(518, 8, 11, 15, 'saturday'),
(519, 8, 13, 30, 'saturday'),
(520, 8, 15, 45, 'saturday'),
(521, 8, 17, 0, 'saturday'),
(522, 8, 19, 15, 'saturday'),
(523, 8, 21, 30, 'saturday'),
(524, 8, 23, 45, 'saturday'),
(525, 8, 8, 0, 'saturday'),
(526, 8, 10, 15, 'saturday'),
(527, 8, 12, 30, 'saturday'),
(528, 8, 14, 45, 'saturday'),
(529, 8, 16, 0, 'saturday'),
(530, 8, 18, 15, 'saturday'),
(531, 8, 20, 30, 'saturday'),
(532, 8, 22, 45, 'saturday'),
(533, 8, 9, 0, 'sunday'),
(534, 8, 11, 15, 'sunday'),
(535, 8, 13, 30, 'sunday'),
(536, 8, 15, 45, 'sunday'),
(537, 8, 17, 0, 'sunday'),
(538, 8, 19, 15, 'sunday'),
(539, 8, 21, 30, 'sunday'),
(540, 8, 23, 45, 'sunday'),
(541, 8, 8, 0, 'sunday'),
(542, 8, 10, 15, 'sunday'),
(543, 8, 12, 30, 'sunday'),
(544, 8, 14, 45, 'sunday'),
(545, 8, 16, 0, 'sunday'),
(546, 8, 18, 15, 'sunday'),
(547, 8, 20, 30, 'sunday'),
(548, 8, 22, 45, 'sunday'),
(549, 8, 8, 0, 'sunday'),
(550, 8, 10, 15, 'sunday'),
(551, 8, 12, 30, 'sunday'),
(552, 8, 14, 45, 'sunday'),
(553, 8, 16, 0, 'sunday'),
(554, 8, 18, 15, 'sunday'),
(555, 8, 20, 30, 'sunday'),
(556, 8, 22, 45, 'sunday'),
(557, 9, 7, 0, 'week'),
(558, 9, 9, 15, 'week'),
(559, 9, 11, 30, 'week'),
(560, 9, 13, 45, 'week'),
(561, 9, 16, 0, 'week'),
(562, 9, 18, 15, 'week'),
(563, 9, 20, 30, 'week'),
(564, 9, 22, 45, 'week'),
(565, 9, 8, 0, 'week'),
(566, 9, 10, 15, 'week'),
(567, 9, 12, 30, 'week'),
(568, 9, 14, 45, 'week'),
(569, 9, 17, 0, 'week'),
(570, 9, 19, 15, 'week'),
(571, 9, 21, 30, 'week'),
(572, 9, 23, 45, 'week'),
(573, 9, 7, 0, 'week'),
(574, 9, 9, 15, 'week'),
(575, 9, 11, 30, 'week'),
(576, 9, 13, 45, 'week'),
(577, 9, 16, 0, 'week'),
(578, 9, 18, 15, 'week'),
(579, 9, 20, 30, 'week'),
(580, 9, 22, 45, 'week'),
(581, 9, 8, 0, 'week'),
(582, 9, 10, 15, 'week'),
(583, 9, 12, 30, 'week'),
(584, 9, 14, 45, 'week'),
(585, 9, 17, 0, 'week'),
(586, 9, 19, 15, 'week'),
(587, 9, 21, 30, 'week'),
(588, 9, 23, 45, 'week'),
(589, 9, 8, 0, 'saturday'),
(590, 9, 10, 15, 'saturday'),
(591, 9, 12, 30, 'saturday'),
(592, 9, 14, 45, 'saturday'),
(593, 9, 16, 0, 'saturday'),
(594, 9, 18, 15, 'saturday'),
(595, 9, 20, 30, 'saturday'),
(596, 9, 22, 45, 'saturday'),
(597, 9, 9, 0, 'saturday'),
(598, 9, 11, 15, 'saturday'),
(599, 9, 13, 30, 'saturday'),
(600, 9, 15, 45, 'saturday'),
(601, 9, 17, 0, 'saturday'),
(602, 9, 19, 15, 'saturday'),
(603, 9, 21, 30, 'saturday'),
(604, 9, 23, 45, 'saturday'),
(605, 9, 8, 0, 'saturday'),
(606, 9, 10, 15, 'saturday'),
(607, 9, 12, 30, 'saturday'),
(608, 9, 14, 45, 'saturday'),
(609, 9, 16, 0, 'saturday'),
(610, 9, 18, 15, 'saturday'),
(611, 9, 20, 30, 'saturday'),
(612, 9, 22, 45, 'saturday'),
(613, 9, 9, 0, 'sunday'),
(614, 9, 11, 15, 'sunday'),
(615, 9, 13, 30, 'sunday'),
(616, 9, 15, 45, 'sunday'),
(617, 9, 17, 0, 'sunday'),
(618, 9, 19, 15, 'sunday'),
(619, 9, 21, 30, 'sunday'),
(620, 9, 23, 45, 'sunday'),
(621, 9, 8, 0, 'sunday'),
(622, 9, 10, 15, 'sunday'),
(623, 9, 12, 30, 'sunday'),
(624, 9, 14, 45, 'sunday'),
(625, 9, 16, 0, 'sunday'),
(626, 9, 18, 15, 'sunday'),
(627, 9, 20, 30, 'sunday'),
(628, 9, 22, 45, 'sunday'),
(629, 9, 8, 0, 'sunday'),
(630, 9, 10, 15, 'sunday'),
(631, 9, 12, 30, 'sunday'),
(632, 9, 14, 45, 'sunday'),
(633, 9, 16, 0, 'sunday'),
(634, 9, 18, 15, 'sunday'),
(635, 9, 20, 30, 'sunday'),
(636, 9, 22, 45, 'sunday'),
(637, 10, 7, 0, 'week'),
(638, 10, 9, 15, 'week'),
(639, 10, 11, 30, 'week'),
(640, 10, 13, 45, 'week'),
(641, 10, 16, 0, 'week'),
(642, 10, 18, 15, 'week'),
(643, 10, 20, 30, 'week'),
(644, 10, 22, 45, 'week'),
(645, 10, 8, 0, 'week'),
(646, 10, 10, 15, 'week'),
(647, 10, 12, 30, 'week'),
(648, 10, 14, 45, 'week'),
(649, 10, 17, 0, 'week'),
(650, 10, 19, 15, 'week'),
(651, 10, 21, 30, 'week'),
(652, 10, 23, 45, 'week'),
(653, 10, 8, 0, 'saturday'),
(654, 10, 10, 15, 'saturday'),
(655, 10, 12, 30, 'saturday'),
(656, 10, 14, 45, 'saturday'),
(657, 10, 16, 0, 'saturday'),
(658, 10, 18, 15, 'saturday'),
(659, 10, 20, 30, 'saturday'),
(660, 10, 22, 45, 'saturday'),
(661, 10, 9, 0, 'saturday'),
(662, 10, 11, 15, 'saturday'),
(663, 10, 13, 30, 'saturday'),
(664, 10, 15, 45, 'saturday'),
(665, 10, 17, 0, 'saturday'),
(666, 10, 19, 15, 'saturday'),
(667, 10, 21, 30, 'saturday'),
(668, 10, 23, 45, 'saturday'),
(669, 10, 9, 0, 'sunday'),
(670, 10, 11, 15, 'sunday'),
(671, 10, 13, 30, 'sunday'),
(672, 10, 15, 45, 'sunday'),
(673, 10, 17, 0, 'sunday'),
(674, 10, 19, 15, 'sunday'),
(675, 10, 21, 30, 'sunday'),
(676, 10, 8, 0, 'sunday'),
(677, 10, 10, 15, 'sunday'),
(678, 10, 12, 30, 'sunday'),
(679, 10, 14, 45, 'sunday'),
(680, 10, 16, 0, 'sunday'),
(681, 10, 18, 15, 'sunday'),
(682, 10, 20, 30, 'sunday'),
(683, 10, 22, 45, 'sunday'),
(684, 11, 7, 0, 'week'),
(685, 11, 9, 15, 'week'),
(686, 11, 11, 30, 'week'),
(687, 11, 13, 45, 'week'),
(688, 11, 16, 0, 'week'),
(689, 11, 18, 15, 'week'),
(690, 11, 20, 30, 'week'),
(691, 11, 22, 45, 'week'),
(692, 11, 8, 0, 'week'),
(693, 11, 10, 15, 'week'),
(694, 11, 12, 30, 'week'),
(695, 11, 14, 45, 'week'),
(696, 11, 17, 0, 'week'),
(697, 11, 19, 15, 'week'),
(698, 11, 21, 30, 'week'),
(699, 11, 23, 45, 'week'),
(700, 11, 8, 0, 'saturday'),
(701, 11, 10, 15, 'saturday'),
(702, 11, 12, 30, 'saturday'),
(703, 11, 14, 45, 'saturday'),
(704, 11, 16, 0, 'saturday'),
(705, 11, 18, 15, 'saturday'),
(706, 11, 20, 30, 'saturday'),
(707, 11, 22, 45, 'saturday'),
(708, 11, 9, 0, 'saturday'),
(709, 11, 11, 15, 'saturday'),
(710, 11, 13, 30, 'saturday'),
(711, 11, 15, 45, 'saturday'),
(712, 11, 17, 0, 'saturday'),
(713, 11, 19, 15, 'saturday'),
(714, 11, 21, 30, 'saturday'),
(715, 11, 23, 45, 'saturday'),
(716, 11, 9, 0, 'sunday'),
(717, 11, 11, 15, 'sunday'),
(718, 11, 13, 30, 'sunday'),
(719, 11, 15, 45, 'sunday'),
(720, 11, 17, 0, 'sunday'),
(721, 11, 19, 15, 'sunday'),
(722, 11, 21, 30, 'sunday'),
(723, 11, 8, 0, 'sunday'),
(724, 11, 10, 15, 'sunday'),
(725, 11, 12, 30, 'sunday'),
(726, 11, 14, 45, 'sunday'),
(727, 11, 16, 0, 'sunday'),
(728, 11, 18, 15, 'sunday'),
(729, 11, 20, 30, 'sunday'),
(730, 11, 22, 45, 'sunday'),
(731, 12, 7, 0, 'week'),
(732, 12, 9, 15, 'week'),
(733, 12, 11, 30, 'week'),
(734, 12, 13, 45, 'week'),
(735, 12, 16, 0, 'week'),
(736, 12, 18, 15, 'week'),
(737, 12, 20, 30, 'week'),
(738, 12, 22, 45, 'week'),
(739, 12, 8, 0, 'week'),
(740, 12, 10, 15, 'week'),
(741, 12, 12, 30, 'week'),
(742, 12, 14, 45, 'week'),
(743, 12, 17, 0, 'week'),
(744, 12, 19, 15, 'week'),
(745, 12, 21, 30, 'week'),
(746, 12, 23, 45, 'week'),
(747, 12, 8, 0, 'saturday'),
(748, 12, 10, 15, 'saturday'),
(749, 12, 12, 30, 'saturday'),
(750, 12, 14, 45, 'saturday'),
(751, 12, 16, 0, 'saturday'),
(752, 12, 18, 15, 'saturday'),
(753, 12, 20, 30, 'saturday'),
(754, 12, 22, 45, 'saturday'),
(755, 12, 9, 0, 'saturday'),
(756, 12, 11, 15, 'saturday'),
(757, 12, 13, 30, 'saturday'),
(758, 12, 15, 45, 'saturday'),
(759, 12, 17, 0, 'saturday'),
(760, 12, 19, 15, 'saturday'),
(761, 12, 21, 30, 'saturday'),
(762, 12, 23, 45, 'saturday'),
(763, 12, 9, 0, 'sunday'),
(764, 12, 11, 15, 'sunday'),
(765, 12, 13, 30, 'sunday'),
(766, 12, 15, 45, 'sunday'),
(767, 12, 17, 0, 'sunday'),
(768, 12, 19, 15, 'sunday'),
(769, 12, 21, 30, 'sunday'),
(770, 12, 8, 0, 'sunday'),
(771, 12, 10, 15, 'sunday'),
(772, 12, 12, 30, 'sunday'),
(773, 12, 14, 45, 'sunday'),
(774, 12, 16, 0, 'sunday'),
(775, 12, 18, 15, 'sunday'),
(776, 12, 20, 30, 'sunday'),
(777, 12, 22, 45, 'sunday'),
(778, 13, 7, 0, 'week'),
(779, 13, 9, 15, 'week'),
(780, 13, 11, 30, 'week'),
(781, 13, 13, 45, 'week'),
(782, 13, 16, 0, 'week'),
(783, 13, 18, 15, 'week'),
(784, 13, 20, 30, 'week'),
(785, 13, 22, 45, 'week'),
(786, 13, 8, 0, 'week'),
(787, 13, 10, 15, 'week'),
(788, 13, 12, 30, 'week'),
(789, 13, 14, 45, 'week'),
(790, 13, 17, 0, 'week'),
(791, 13, 19, 15, 'week'),
(792, 13, 21, 30, 'week'),
(793, 13, 23, 45, 'week'),
(794, 13, 8, 0, 'saturday'),
(795, 13, 10, 15, 'saturday'),
(796, 13, 12, 30, 'saturday'),
(797, 13, 14, 45, 'saturday'),
(798, 13, 16, 0, 'saturday'),
(799, 13, 18, 15, 'saturday'),
(800, 13, 20, 30, 'saturday'),
(801, 13, 22, 45, 'saturday'),
(802, 13, 9, 0, 'saturday'),
(803, 13, 11, 15, 'saturday'),
(804, 13, 13, 30, 'saturday'),
(805, 13, 15, 45, 'saturday'),
(806, 13, 17, 0, 'saturday'),
(807, 13, 19, 15, 'saturday'),
(808, 13, 21, 30, 'saturday'),
(809, 13, 23, 45, 'saturday'),
(810, 13, 9, 0, 'sunday'),
(811, 13, 11, 15, 'sunday'),
(812, 13, 13, 30, 'sunday'),
(813, 13, 15, 45, 'sunday'),
(814, 13, 17, 0, 'sunday'),
(815, 13, 19, 15, 'sunday'),
(816, 13, 21, 30, 'sunday'),
(817, 13, 8, 0, 'sunday'),
(818, 13, 10, 15, 'sunday'),
(819, 13, 12, 30, 'sunday'),
(820, 13, 14, 45, 'sunday'),
(821, 13, 16, 0, 'sunday'),
(822, 13, 18, 15, 'sunday'),
(823, 13, 20, 30, 'sunday'),
(824, 13, 22, 45, 'sunday'),
(825, 14, 7, 0, 'week'),
(826, 14, 9, 15, 'week'),
(827, 14, 11, 30, 'week'),
(828, 14, 13, 45, 'week'),
(829, 14, 16, 0, 'week'),
(830, 14, 18, 15, 'week'),
(831, 14, 20, 30, 'week'),
(832, 14, 22, 45, 'week'),
(833, 14, 8, 0, 'week'),
(834, 14, 10, 15, 'week'),
(835, 14, 12, 30, 'week'),
(836, 14, 14, 45, 'week'),
(837, 14, 17, 0, 'week'),
(838, 14, 19, 15, 'week'),
(839, 14, 21, 30, 'week'),
(840, 14, 23, 45, 'week'),
(841, 14, 8, 0, 'saturday'),
(842, 14, 10, 15, 'saturday'),
(843, 14, 12, 30, 'saturday'),
(844, 14, 14, 45, 'saturday'),
(845, 14, 16, 0, 'saturday'),
(846, 14, 18, 15, 'saturday'),
(847, 14, 20, 30, 'saturday'),
(848, 14, 22, 45, 'saturday'),
(849, 14, 9, 0, 'saturday'),
(850, 14, 11, 15, 'saturday'),
(851, 14, 13, 30, 'saturday'),
(852, 14, 15, 45, 'saturday'),
(853, 14, 17, 0, 'saturday'),
(854, 14, 19, 15, 'saturday'),
(855, 14, 21, 30, 'saturday'),
(856, 14, 23, 45, 'saturday'),
(857, 14, 9, 0, 'sunday'),
(858, 14, 11, 15, 'sunday'),
(859, 14, 13, 30, 'sunday'),
(860, 14, 15, 45, 'sunday'),
(861, 14, 17, 0, 'sunday'),
(862, 14, 19, 15, 'sunday'),
(863, 14, 21, 30, 'sunday'),
(864, 14, 8, 0, 'sunday'),
(865, 14, 10, 15, 'sunday'),
(866, 14, 12, 30, 'sunday'),
(867, 14, 14, 45, 'sunday'),
(868, 14, 16, 0, 'sunday'),
(869, 14, 18, 15, 'sunday'),
(870, 14, 20, 30, 'sunday'),
(871, 14, 22, 45, 'sunday'),
(872, 15, 7, 0, 'week'),
(873, 15, 9, 15, 'week'),
(874, 15, 11, 30, 'week'),
(875, 15, 13, 45, 'week'),
(876, 15, 16, 0, 'week'),
(877, 15, 18, 15, 'week'),
(878, 15, 20, 30, 'week'),
(879, 15, 22, 45, 'week'),
(880, 15, 8, 0, 'week'),
(881, 15, 10, 15, 'week'),
(882, 15, 12, 30, 'week'),
(883, 15, 14, 45, 'week'),
(884, 15, 17, 0, 'week'),
(885, 15, 19, 15, 'week'),
(886, 15, 21, 30, 'week'),
(887, 15, 23, 45, 'week'),
(888, 15, 8, 0, 'saturday'),
(889, 15, 10, 15, 'saturday'),
(890, 15, 12, 30, 'saturday'),
(891, 15, 14, 45, 'saturday'),
(892, 15, 16, 0, 'saturday'),
(893, 15, 18, 15, 'saturday'),
(894, 15, 20, 30, 'saturday'),
(895, 15, 22, 45, 'saturday'),
(896, 15, 9, 0, 'saturday'),
(897, 15, 11, 15, 'saturday'),
(898, 15, 13, 30, 'saturday'),
(899, 15, 15, 45, 'saturday'),
(900, 15, 17, 0, 'saturday'),
(901, 15, 19, 15, 'saturday'),
(902, 15, 21, 30, 'saturday'),
(903, 15, 23, 45, 'saturday'),
(904, 15, 9, 0, 'sunday'),
(905, 15, 11, 15, 'sunday'),
(906, 15, 13, 30, 'sunday'),
(907, 15, 15, 45, 'sunday'),
(908, 15, 17, 0, 'sunday'),
(909, 15, 19, 15, 'sunday'),
(910, 15, 21, 30, 'sunday'),
(911, 15, 8, 0, 'sunday'),
(912, 15, 10, 15, 'sunday'),
(913, 15, 12, 30, 'sunday'),
(914, 15, 14, 45, 'sunday'),
(915, 15, 16, 0, 'sunday'),
(916, 15, 18, 15, 'sunday'),
(917, 15, 20, 30, 'sunday'),
(918, 15, 22, 45, 'sunday'),
(919, 16, 7, 0, 'week'),
(920, 16, 9, 15, 'week'),
(921, 16, 11, 30, 'week'),
(922, 16, 13, 45, 'week'),
(923, 16, 16, 0, 'week'),
(924, 16, 18, 15, 'week'),
(925, 16, 20, 30, 'week'),
(926, 16, 22, 45, 'week'),
(927, 16, 8, 0, 'week'),
(928, 16, 10, 15, 'week'),
(929, 16, 12, 30, 'week'),
(930, 16, 14, 45, 'week'),
(931, 16, 17, 0, 'week'),
(932, 16, 19, 15, 'week'),
(933, 16, 21, 30, 'week'),
(934, 16, 23, 45, 'week'),
(935, 16, 8, 0, 'saturday'),
(936, 16, 10, 15, 'saturday'),
(937, 16, 12, 30, 'saturday'),
(938, 16, 14, 45, 'saturday'),
(939, 16, 16, 0, 'saturday'),
(940, 16, 18, 15, 'saturday'),
(941, 16, 20, 30, 'saturday'),
(942, 16, 22, 45, 'saturday'),
(943, 16, 9, 0, 'saturday'),
(944, 16, 11, 15, 'saturday'),
(945, 16, 13, 30, 'saturday'),
(946, 16, 15, 45, 'saturday'),
(947, 16, 17, 0, 'saturday'),
(948, 16, 19, 15, 'saturday'),
(949, 16, 21, 30, 'saturday'),
(950, 16, 23, 45, 'saturday'),
(951, 16, 9, 0, 'sunday'),
(952, 16, 11, 15, 'sunday'),
(953, 16, 13, 30, 'sunday'),
(954, 16, 15, 45, 'sunday'),
(955, 16, 17, 0, 'sunday'),
(956, 16, 19, 15, 'sunday'),
(957, 16, 21, 30, 'sunday'),
(958, 16, 8, 0, 'sunday'),
(959, 16, 10, 15, 'sunday'),
(960, 16, 12, 30, 'sunday'),
(961, 16, 14, 45, 'sunday'),
(962, 16, 16, 0, 'sunday'),
(963, 16, 18, 15, 'sunday'),
(964, 16, 20, 30, 'sunday'),
(965, 16, 22, 45, 'sunday'),
(966, 17, 7, 0, 'week'),
(967, 17, 9, 15, 'week'),
(968, 17, 11, 30, 'week'),
(969, 17, 13, 45, 'week'),
(970, 17, 16, 0, 'week'),
(971, 17, 18, 15, 'week'),
(972, 17, 20, 30, 'week'),
(973, 17, 22, 45, 'week'),
(974, 17, 8, 0, 'week'),
(975, 17, 10, 15, 'week'),
(976, 17, 12, 30, 'week'),
(977, 17, 14, 45, 'week'),
(978, 17, 17, 0, 'week'),
(979, 17, 19, 15, 'week'),
(980, 17, 21, 30, 'week'),
(981, 17, 23, 45, 'week'),
(982, 17, 8, 0, 'saturday'),
(983, 17, 10, 15, 'saturday'),
(984, 17, 12, 30, 'saturday'),
(985, 17, 14, 45, 'saturday'),
(986, 17, 16, 0, 'saturday'),
(987, 17, 18, 15, 'saturday'),
(988, 17, 20, 30, 'saturday'),
(989, 17, 22, 45, 'saturday'),
(990, 17, 9, 0, 'saturday'),
(991, 17, 11, 15, 'saturday'),
(992, 17, 13, 30, 'saturday'),
(993, 17, 15, 45, 'saturday'),
(994, 17, 17, 0, 'saturday'),
(995, 17, 19, 15, 'saturday'),
(996, 17, 21, 30, 'saturday'),
(997, 17, 23, 45, 'saturday'),
(998, 17, 9, 0, 'sunday'),
(999, 17, 11, 15, 'sunday'),
(1000, 17, 13, 30, 'sunday'),
(1001, 17, 15, 45, 'sunday'),
(1002, 17, 17, 0, 'sunday'),
(1003, 17, 19, 15, 'sunday'),
(1004, 17, 21, 30, 'sunday'),
(1005, 17, 8, 0, 'sunday'),
(1006, 17, 10, 15, 'sunday'),
(1007, 17, 12, 30, 'sunday'),
(1008, 17, 14, 45, 'sunday'),
(1009, 17, 16, 0, 'sunday'),
(1010, 17, 18, 15, 'sunday'),
(1011, 17, 20, 30, 'sunday'),
(1012, 17, 22, 45, 'sunday'),
(1013, 18, 7, 0, 'week'),
(1014, 18, 9, 15, 'week'),
(1015, 18, 11, 30, 'week'),
(1016, 18, 13, 45, 'week'),
(1017, 18, 16, 0, 'week'),
(1018, 18, 18, 15, 'week'),
(1019, 18, 20, 30, 'week'),
(1020, 18, 22, 45, 'week'),
(1021, 18, 8, 0, 'week'),
(1022, 18, 10, 15, 'week'),
(1023, 18, 12, 30, 'week'),
(1024, 18, 14, 45, 'week'),
(1025, 18, 17, 0, 'week'),
(1026, 18, 19, 15, 'week'),
(1027, 18, 21, 30, 'week'),
(1028, 18, 23, 45, 'week'),
(1029, 18, 8, 0, 'saturday'),
(1030, 18, 10, 15, 'saturday'),
(1031, 18, 12, 30, 'saturday'),
(1032, 18, 14, 45, 'saturday'),
(1033, 18, 16, 0, 'saturday'),
(1034, 18, 18, 15, 'saturday'),
(1035, 18, 20, 30, 'saturday'),
(1036, 18, 22, 45, 'saturday'),
(1037, 18, 9, 0, 'saturday'),
(1038, 18, 11, 15, 'saturday'),
(1039, 18, 13, 30, 'saturday'),
(1040, 18, 15, 45, 'saturday'),
(1041, 18, 17, 0, 'saturday'),
(1042, 18, 19, 15, 'saturday'),
(1043, 18, 21, 30, 'saturday'),
(1044, 18, 23, 45, 'saturday'),
(1045, 18, 9, 0, 'sunday'),
(1046, 18, 11, 15, 'sunday'),
(1047, 18, 13, 30, 'sunday'),
(1048, 18, 15, 45, 'sunday'),
(1049, 18, 17, 0, 'sunday'),
(1050, 18, 19, 15, 'sunday'),
(1051, 18, 21, 30, 'sunday'),
(1052, 18, 8, 0, 'sunday'),
(1053, 18, 10, 15, 'sunday'),
(1054, 18, 12, 30, 'sunday'),
(1055, 18, 14, 45, 'sunday'),
(1056, 18, 16, 0, 'sunday'),
(1057, 18, 18, 15, 'sunday'),
(1058, 18, 20, 30, 'sunday'),
(1059, 18, 22, 45, 'sunday'),
(1060, 19, 7, 0, 'week'),
(1061, 19, 9, 15, 'week'),
(1062, 19, 11, 30, 'week'),
(1063, 19, 13, 45, 'week'),
(1064, 19, 16, 0, 'week'),
(1065, 19, 18, 15, 'week'),
(1066, 19, 20, 30, 'week'),
(1067, 19, 22, 45, 'week'),
(1068, 19, 8, 0, 'week'),
(1069, 19, 10, 15, 'week'),
(1070, 19, 12, 30, 'week'),
(1071, 19, 14, 45, 'week'),
(1072, 19, 17, 0, 'week'),
(1073, 19, 19, 15, 'week'),
(1074, 19, 21, 30, 'week'),
(1075, 19, 23, 45, 'week'),
(1076, 19, 8, 0, 'saturday'),
(1077, 19, 10, 15, 'saturday'),
(1078, 19, 12, 30, 'saturday'),
(1079, 19, 14, 45, 'saturday'),
(1080, 19, 16, 0, 'saturday'),
(1081, 19, 18, 15, 'saturday'),
(1082, 19, 20, 30, 'saturday'),
(1083, 19, 22, 45, 'saturday'),
(1084, 19, 9, 0, 'saturday'),
(1085, 19, 11, 15, 'saturday'),
(1086, 19, 13, 30, 'saturday'),
(1087, 19, 15, 45, 'saturday'),
(1088, 19, 17, 0, 'saturday'),
(1089, 19, 19, 15, 'saturday'),
(1090, 19, 21, 30, 'saturday'),
(1091, 19, 23, 45, 'saturday'),
(1092, 19, 9, 0, 'sunday'),
(1093, 19, 11, 15, 'sunday'),
(1094, 19, 13, 30, 'sunday'),
(1095, 19, 15, 45, 'sunday'),
(1096, 19, 17, 0, 'sunday'),
(1097, 19, 19, 15, 'sunday'),
(1098, 19, 21, 30, 'sunday'),
(1099, 19, 8, 0, 'sunday'),
(1100, 19, 10, 15, 'sunday'),
(1101, 19, 12, 30, 'sunday'),
(1102, 19, 14, 45, 'sunday'),
(1103, 19, 16, 0, 'sunday'),
(1104, 19, 18, 15, 'sunday'),
(1105, 19, 20, 30, 'sunday'),
(1106, 19, 22, 45, 'sunday'),
(1107, 20, 7, 0, 'week'),
(1108, 20, 9, 15, 'week'),
(1109, 20, 11, 30, 'week'),
(1110, 20, 13, 45, 'week'),
(1111, 20, 16, 0, 'week'),
(1112, 20, 18, 15, 'week'),
(1113, 20, 20, 30, 'week'),
(1114, 20, 22, 45, 'week'),
(1115, 20, 8, 0, 'week'),
(1116, 20, 10, 15, 'week'),
(1117, 20, 12, 30, 'week'),
(1118, 20, 14, 45, 'week'),
(1119, 20, 17, 0, 'week'),
(1120, 20, 19, 15, 'week'),
(1121, 20, 21, 30, 'week'),
(1122, 20, 23, 45, 'week'),
(1123, 20, 8, 0, 'saturday'),
(1124, 20, 10, 15, 'saturday'),
(1125, 20, 12, 30, 'saturday'),
(1126, 20, 14, 45, 'saturday'),
(1127, 20, 16, 0, 'saturday'),
(1128, 20, 18, 15, 'saturday'),
(1129, 20, 20, 30, 'saturday'),
(1130, 20, 22, 45, 'saturday'),
(1131, 20, 9, 0, 'saturday'),
(1132, 20, 11, 15, 'saturday'),
(1133, 20, 13, 30, 'saturday'),
(1134, 20, 15, 45, 'saturday'),
(1135, 20, 17, 0, 'saturday'),
(1136, 20, 19, 15, 'saturday'),
(1137, 20, 21, 30, 'saturday'),
(1138, 20, 23, 45, 'saturday'),
(1139, 20, 9, 0, 'sunday'),
(1140, 20, 11, 15, 'sunday'),
(1141, 20, 13, 30, 'sunday'),
(1142, 20, 15, 45, 'sunday'),
(1143, 20, 17, 0, 'sunday'),
(1144, 20, 19, 15, 'sunday'),
(1145, 20, 21, 30, 'sunday'),
(1146, 20, 8, 0, 'sunday'),
(1147, 20, 10, 15, 'sunday'),
(1148, 20, 12, 30, 'sunday'),
(1149, 20, 14, 45, 'sunday'),
(1150, 20, 16, 0, 'sunday'),
(1151, 20, 18, 15, 'sunday'),
(1152, 20, 20, 30, 'sunday'),
(1153, 20, 22, 45, 'sunday');

-- --------------------------------------------------------

--
-- Table structure for table `ticket_prices`
--

CREATE TABLE `ticket_prices` (
  `id` int(11) NOT NULL,
  `connection_id` int(11) NOT NULL,
  `price_per_full_travel` decimal(10,2) NOT NULL,
  `price_per_stop` decimal(10,2) NOT NULL
) ENGINE=InnoDB DEFAULT CHARSET=utf8;

--
-- Dumping data for table `ticket_prices`
--

INSERT INTO `ticket_prices` (`id`, `connection_id`, `price_per_full_travel`, `price_per_stop`) VALUES
(1, 1, '60.00', '9.00'),
(2, 2, '64.00', '9.60'),
(3, 3, '56.00', '8.40'),
(4, 4, '62.00', '9.30'),
(5, 5, '58.00', '8.70'),
(6, 6, '54.00', '8.10'),
(7, 7, '66.00', '9.90'),
(8, 8, '60.00', '9.00'),
(9, 9, '62.00', '9.30'),
(10, 10, '64.00', '9.60'),
(11, 11, '56.00', '8.40'),
(12, 12, '58.00', '8.70'),
(13, 13, '60.00', '9.00'),
(14, 14, '62.00', '9.30'),
(15, 15, '64.00', '9.60'),
(16, 16, '66.00', '9.90'),
(17, 17, '68.00', '10.20'),
(18, 18, '70.00', '10.50'),
(19, 19, '72.00', '10.80'),
(20, 20, '74.00', '11.10');

-- --------------------------------------------------------

--
-- Table structure for table `users`
--

CREATE TABLE `users` (
  `id` int(11) NOT NULL,
  `login` varchar(255) NOT NULL,
  `password` varchar(255) NOT NULL,
  `username` varchar(255) NOT NULL,
  `type` varchar(255) NOT NULL
) ENGINE=InnoDB DEFAULT CHARSET=utf8;

--
-- Dumping data for table `users`
--

INSERT INTO `users` (`id`, `login`, `password`, `username`, `type`) VALUES
(1, 'test', 'test', 'testuser', 'entrepreneur'),
(4, 'admin', 'admin', 'adminuser', 'admin');

--
-- Indexes for dumped tables
--

--
-- Indexes for table `bus_connections`
--
ALTER TABLE `bus_connections`
  ADD PRIMARY KEY (`id`);

--
-- Indexes for table `bus_stops`
--
ALTER TABLE `bus_stops`
  ADD PRIMARY KEY (`id`),
  ADD KEY `connection_id` (`connection_id`);

--
-- Indexes for table `departures`
--
ALTER TABLE `departures`
  ADD PRIMARY KEY (`id`),
  ADD KEY `connection_id` (`connection_id`);

--
-- Indexes for table `ticket_prices`
--
ALTER TABLE `ticket_prices`
  ADD PRIMARY KEY (`id`),
  ADD KEY `connection_id` (`connection_id`);

--
-- Indexes for table `users`
--
ALTER TABLE `users`
  ADD PRIMARY KEY (`id`);

--
-- AUTO_INCREMENT for dumped tables
--

--
-- AUTO_INCREMENT for table `bus_connections`
--
ALTER TABLE `bus_connections`
  MODIFY `id` int(11) NOT NULL AUTO_INCREMENT, AUTO_INCREMENT=21;

--
-- AUTO_INCREMENT for table `bus_stops`
--
ALTER TABLE `bus_stops`
  MODIFY `id` int(11) NOT NULL AUTO_INCREMENT, AUTO_INCREMENT=185;

--
-- AUTO_INCREMENT for table `departures`
--
ALTER TABLE `departures`
  MODIFY `id` int(11) NOT NULL AUTO_INCREMENT, AUTO_INCREMENT=1154;

--
-- AUTO_INCREMENT for table `ticket_prices`
--
ALTER TABLE `ticket_prices`
  MODIFY `id` int(11) NOT NULL AUTO_INCREMENT, AUTO_INCREMENT=21;

--
-- AUTO_INCREMENT for table `users`
--
ALTER TABLE `users`
  MODIFY `id` int(11) NOT NULL AUTO_INCREMENT, AUTO_INCREMENT=5;

--
-- Constraints for dumped tables
--

--
-- Constraints for table `bus_stops`
--
ALTER TABLE `bus_stops`
  ADD CONSTRAINT `bus_stops_ibfk_1` FOREIGN KEY (`connection_id`) REFERENCES `bus_connections` (`id`);

--
-- Constraints for table `departures`
--
ALTER TABLE `departures`
  ADD CONSTRAINT `departures_ibfk_1` FOREIGN KEY (`connection_id`) REFERENCES `bus_connections` (`id`);

--
-- Constraints for table `ticket_prices`
--
ALTER TABLE `ticket_prices`
  ADD CONSTRAINT `ticket_prices_ibfk_1` FOREIGN KEY (`connection_id`) REFERENCES `bus_connections` (`id`);
COMMIT;

/*!40101 SET CHARACTER_SET_CLIENT=@OLD_CHARACTER_SET_CLIENT */;
/*!40101 SET CHARACTER_SET_RESULTS=@OLD_CHARACTER_SET_RESULTS */;
/*!40101 SET COLLATION_CONNECTION=@OLD_COLLATION_CONNECTION */;
